Filename,WRPText,MonthText,Prefix
a_01.png,,,a
a_02.png,,,a
a_03.png,,,a
a_04.png,,,a
a_05.png,,,a
a_06.png,,,a
a_07.png,,,a
a_08.png,,,a
a_09.png,,,a
a_10.png,,,a
a_11.png,,,a
a_12.png,,,a
a_13.png,,,a
a_14.png,,,a
a_15.png,,,a
b_16.png,,,b
b_17.png,,,b
b_18.png,,,b
b_19.png,,,b
b_20.png,,,b
b_21.png,,,b
b_22.png,,,b
b_23.png,,,b
b_24.png,,,b
b_25.png,,,b
b_26.png,,,b
b_27.png,,,b
b_28.png,,,b
b_29.png,,,b
b_30.png,,,b
c_31.png,FCJ,June,c
c_32.png,FCJ,June,c
c_33.png,FCJ,June,c
c_34.png,FCJ,June,c
c_35.png,FCJ,June,c
c_36.png,FPF,July,c
c_37.png,FPF,July,c
c_38.png,FPF,July,c
c_39.png,FPF,July,c
c_40.png,FPF,July,c
c_41.png,FPF,July,c
c_42.png,FPF,July,c
c_43.png,FCF,August,c
c_44.png,FCF,August,c
c_45.png,FCF,August,c
c_46.png,FCF,August,c
c_47.png,FCF,August,c
c_48.png,FCF,August,c
c_49.png,FCF,August,c
c_50.png,FCF,August,c
c_51.png,FCF,August,c
c_52.png,FCF,August,c
c_53.png,FCF,August,c
c_54.png,FCF,August,c
c_55.png,FCF,August,c
c_56.png,FCF,August,c
c_57.png,FCF,August,c
c_58.png,FCF,August,c
d_59.png,,Bye!,d
d_60.png,,Bye!,d
d_61.png,,Bye!,d
d_62.png,,Bye!,d
d_63.png,,Bye!,d
e_64.png,FCF,March,e
e_65.png,FCF,March,e
e_66.png,FCF,March,e
e_67.png,FCF,March,e
e_68.png,FCF,March,e
e_69.png,FCF,March,e
e_70.png,FCF,March,e
f_71.png,,Hello!,f
f_72.png,,Hello!,f
f_73.png,,Hello!,f
f_74.png,,Hello!,f
f_75.png,,Hello!,f
h_79.png,,,h
h_80.png,,,h
h_81.png,,,h
h_82.png,,,h
h_83.png,,,h
i_84.png,SPB,June,i
i_85.png,SPB,June,i
i_86.png,SPB,June,i
i_87.png,SPB,June,i
i_88.png,SPB,June,i
i_89.png,SPB,June,i
i_90.png,SPB,June,i
i_91.png,SPB,June,i
i_92.png,SPB,June,i
i_93.png,SPB,July,i
i_94.png,SPB,July,i
i_95.png,SPB,July,i
i_96.png,SPB,July,i
i_97.png,SPB,July,i
i_98.png,SPB,July,i
i_99.png,SPB,July,i
i_100.png,SPB,July,i
i_101.png,SPB,July,i
i_102.png,SCB/DCB,July,i
i_103.png,SCB/DCB,August,i
i_104.png,SCB/DCB,August,i
i_105.png,SCB/DCB,August,i
i_106.png,SCB/DCB,August,i
i_107.png,SCB/DCB,August,i
i_108.png,SCB/DCB,August,i
i_109.png,SCB/DCB,August,i
i_110.png,SCB/DCB,August,i
i_111.png,SCB/DCB,August,i
i_112.png,SCB/DCB,August,i
i_113.png,SCB/DCB,August,i
i_114.png,SCB/DCB,August,i
j_115.png,,Bye!,j
j_116.png,,Bye!,j
j_117.png,,Bye!,j
j_118.png,,Bye!,j
j_119.png,,Bye!,j
k_120.png,SCB/DCB,March,k
k_121.png,SCB/DCB,March,k
k_122.png,SCB/DCB,March,k
k_123.png,SCB/DCB,March,k
k_124.png,SCB/DCB,March,k
k_125.png,SCB/DCB,March,k
k_126.png,SCB/DCB,March,k
l_127.png,,Hello!,l
l_128.png,,Hello!,l
l_129.png,,Hello!,l
l_130.png,,Hello!,l
l_131.png,,Hello!,l
n_135.png,,,n
n_136.png,,,n
n_137.png,,,n
n_138.png,,,n
n_139.png,,,n
o_140.png,DPB,June,o
o_141.png,DPB,June,o
o_142.png,DPB,June,o
o_143.png,DPB,June,o
o_144.png,DPB,June,o
o_145.png,DPB,June,o
o_146.png,DPB,June,o
o_147.png,DPB,June,o
o_148.png,DPB,June,o
o_149.png,DPB,June,o
o_150.png,DPB,July,o
o_151.png,DPB,July,o
o_152.png,DPB,July,o
o_153.png,DPB,July,o
o_154.png,DPB,July,o
o_155.png,DPB,July,o
o_156.png,DPB,July,o
o_157.png,DPB,July,o
o_158.png,DPB,July,o
o_159.png,DCB,August,o
